id,name,kana
1,佐藤 太郎,さ
2,鈴木 花子,す
3,田中 次郎,た
4,伊藤 美佐,い
5,山田 恵,や
6,中村 真紀,な
7,加藤 大輔,か
8,吉田 紀子,よ
9,斎藤 由美,さ
10,井上 光,い
11,木村 さくら,き
12,林 大介,は
13,小林 真由美,こ
14,松本 優,ま
15,山口 聡,や
16,佐々木 和子,さ
17,山本 芳子,や
18,加藤 健太,か
19,田辺 美咲,た
20,青木 雄大,あ
21,高橋 結衣,た
22,小川 直樹,お
23,宮崎 美希,み
24,齋藤 大輝,さ
25,杉山 佳子,す
26,前田 拓郎,ま
27,長谷川 美和,は
28,石井 拓海,い
29,金子 真由美,か
30,小野 孝之,お
31,亀井 佳代,か
32,竹内 勇太,た
33,村上 さゆり,む
34,平野 恵子,へ
35,小島 健太郎,こ
36,坂本 裕子,さ
37,大塚 悠斗,お
38,河野 美咲,か
39,中島 竜也,な
40,藤田 千尋,ふ
41,宮本 美和子,み
42,小山 修平,こ
43,新井 美紀,あ
44,内田 健司,う
45,渡部 恭子,わ
46,桜井 勇太,さ
47,村田 恵美,む
48,森田 真紀子,も
49,岡田 拓也,お
50,大野 真由美,お
51,石田 聡美,い
52,菅原 裕子,す
53,三浦 勇介,み
54,佐野 さゆり,さ
55,前川 大樹,ま
56,笠原 美咲,か
57,野村 健太,の
58,藤井 香織,ふ
59,高木 勇斗,た
60,松田 由美子,ま
61,大西 俊介,お
62,小松 美香,こ
63,岡本 正樹,お
64,荒木 真理子,あ
65,川口 和也,か
66,松井 亜美,ま
67,三宅 雄太,み
68,星野 美和,ほ
69,古川 千尋,ふ
70,竹田 大輔,た
71,高田 恵美,た
72,小田 雄大,お
73,中山 麻衣子,な
74,馬場 健太,ば
75,岡崎 美咲,お
76,杉本 修平,す
77,松下 さゆり,ま
78,水野 拓也,み
79,上田 美和,う
80,久保 悠斗,く
81,野口 佳代子,の
82,山崎 大輔,や
83,山下 美咲,や
84,Smith John,す
85,Johnson Emily,じ
86,Williams Olivia,わ
87,Brown William,ぶ
88,Jones Sophia,じ
89,García Martín,が
90,Miller Emma,み
91,Davis Daniel,だ
92,Rodríguez María,ろ
93,Martínez Laura,ま
94,Martinez Anna,ま
95,Wilson David,わ
96,Anderson Isabella,あ
97,Taylor Mia,た
98,Thomas Sophia,と
99,Moore Chloe,も
100,Jackson Benjamin,じ
101,White Jacob,わ
102,Harris Charlotte,は
103,Martin Emily,ま
104,Thompson Sophie,す
105,Garcia Liam,が
106,Clark Harper,か
107,Lee Amelia,ら
108,Allen Abigail,あ